{
    "heading": "Unbenanntes Dokument",
    "author": "",
    "styles": [],
    "pagewidth": 0,
    "img_src_text": "Quelle: #SRC",
    "simple-containers": [
        "task",
        "example",
        "overview",
        "solution",
        "no-print"
    ],
    "labels": {
        "fig": "Abbildung",
        "sec": "Abschnitt",
        "lst": "Quellcode",
        "task": "Aufgabe"
    },
    "section_depth": 3,
    "chapter": 0,
    "autolabel_img": true,
    "autolabel_heading": true
}